term,definition,link,introduced_by_card_id
Homophone,"A word that sounds exactly like another word but has a different spelling and meaning, like their and there.",https://en.wikipedia.org/wiki/Homophone,2
Contraction,"A short form that squeezes two words into one and marks the missing letters with an apostrophe, like they're for they are.",https://en.wikipedia.org/wiki/Contraction_(grammar),7
Apostrophe,The little mark (') that shows missing letters in a contraction or shows that something belongs to someone.,https://en.wikipedia.org/wiki/Apostrophe,7
Possessive,"A word or word form that shows who owns something, like their book or Maria's car.",https://en.wikipedia.org/wiki/Possessive,13
Double negative,"Using two negative words in one statement, like I don't have no time, which cancels itself out or sounds nonstandard in formal English.",https://en.wikipedia.org/wiki/Double_negative,125
Idiom,"A saying whose meaning isn't clear from its words alone, like nip it in the bud, so changing a word breaks it.",https://en.wikipedia.org/wiki/Idiom,130
Redundancy,"Saying the same thing twice in one phrase, like free gift or past history, so one word is unnecessary.",https://en.wikipedia.org/wiki/Redundancy_(linguistics),143
Noun,"A word that names a person, place, thing or idea, like teacher, kitchen or happiness.",https://en.wikipedia.org/wiki/Noun,157
Article,"One of the small words a, an or the that comes before a noun to show which one you mean.",https://en.wikipedia.org/wiki/Article_(grammar),162
Countable noun,"A noun for things you can count one by one, like apple, car or idea, so you can say two apples or three cars.",https://en.wikipedia.org/wiki/Count_noun,173
Uncountable noun,"A noun for something you measure instead of counting, like water, advice or traffic, so you can't put a number directly in front of it.",https://en.wikipedia.org/wiki/Mass_noun,173
Singular,"The form of a word that means just one, like dog or is.",https://en.wikipedia.org/wiki/Grammatical_number,205
Plural,"The form of a word that means more than one, like dogs or are.",https://en.wikipedia.org/wiki/Plural,205
Oxford comma,"The comma placed before and or or at the end of a list of three or more things, like red, white, and blue.",https://en.wikipedia.org/wiki/Serial_comma,237
Acronym,"A short form made from the first letters of a name or phrase, like DVD or NASA.",https://en.wikipedia.org/wiki/Acronym,231
Introductory phrase,"A group of words at the start of a sentence that sets the scene before the main point, like After lunch.",https://en.wikipedia.org/wiki/Phrase,242
Conjunction,"A joining word like and, but or so that links words, phrases or whole sentences.",https://en.wikipedia.org/wiki/Grammatical_conjunction,247
Pronoun,"A short word that stands in for a noun so you don't repeat it, like he, she, it, they or me.",https://en.wikipedia.org/wiki/Pronoun,271
Subject,"The person or thing doing the action in a sentence: in Maria sings, Maria is the subject.",https://en.wikipedia.org/wiki/Subject_(grammar),276
Object,"The person or thing receiving the action in a sentence: in Maria called Jake, Jake is the object.",https://en.wikipedia.org/wiki/Object_(grammar),276
Reflexive pronoun,"A pronoun ending in self or selves, like myself or themselves, used when the doer and the receiver are the same person.",https://en.wikipedia.org/wiki/Reflexive_pronoun,300
Adjective,"A word that describes a noun, like a quick lunch or a good idea.",https://en.wikipedia.org/wiki/Adjective,305
Adverb,"A word that describes an action or another describing word, like quickly, well or very.",https://en.wikipedia.org/wiki/Adverb,305
Verb,"A word that shows an action or a state, like run, write, is or seem.",https://en.wikipedia.org/wiki/Verb,326
Subject-verb agreement,"The rule that the verb must match its subject: one doer takes a singular verb, many doers take a plural verb.",https://en.wikipedia.org/wiki/Subject%E2%80%93verb_agreement,331
Indefinite pronoun,"A pronoun that points to no particular person or thing, like everyone, someone, nobody or each.",https://en.wikipedia.org/wiki/Indefinite_pronoun,336
Collective noun,"A noun that names a group as one unit, like team, family or committee.",https://en.wikipedia.org/wiki/Collective_noun,336
Past tense,"The verb form that says something already happened, like walked or ate.",https://en.wikipedia.org/wiki/Past_tense,348
Irregular verb,"A verb whose past tense doesn't just add ed, like go and went or eat and ate.",https://en.wikipedia.org/wiki/Irregular_verb,353
Past participle,"The verb form used after have or has, like walked, eaten or gone.",https://en.wikipedia.org/wiki/Participle,353
Present perfect,"A tense made with have or has plus a past participle, used for past events that still matter now, like I have finished.",https://en.wikipedia.org/wiki/Present_perfect,383
Run-on sentence,Two full sentences jammed together with no proper joining word or punctuation between them.,https://en.wikipedia.org/wiki/Run-on_sentence,424
Comma splice,"Two full sentences joined by only a comma, which is not strong enough to hold them together.",https://en.wikipedia.org/wiki/Comma_splice,429
Sentence fragment,"A piece of a sentence punctuated as if it were whole, usually missing a subject or a verb.",https://en.wikipedia.org/wiki/Sentence_fragment,434
Modifier,"A word or phrase that adds detail about another part of the sentence, like quickly or in the park.",https://en.wikipedia.org/wiki/Grammatical_modifier,439
Misplaced modifier,"A modifier sitting too far from the word it describes, so the sentence says something unintended.",https://en.wikipedia.org/wiki/Misplaced_modifier,439
Parallel structure,"Using the same grammatical pattern for each item in a list or comparison, like running, jumping and swimming.",https://en.wikipedia.org/wiki/Parallelism_(grammar),445
Homophones,"A word that sounds exactly like another word but has a different spelling and meaning, like their and there.",https://en.wikipedia.org/wiki/Homophone,2
Contractions,"A short form that squeezes two words into one and marks the missing letters with an apostrophe, like they're for they are.",https://en.wikipedia.org/wiki/Contraction_(grammar),7
Idioms,"A saying whose meaning isn't clear from its words alone, like nip it in the bud, so changing a word breaks it.",https://en.wikipedia.org/wiki/Idiom,130
Nouns,"A word that names a person, place, thing or idea, like teacher, kitchen or happiness.",https://en.wikipedia.org/wiki/Noun,157
Articles,"One of the small words a, an or the that comes before a noun to show which one you mean.",https://en.wikipedia.org/wiki/Article_(grammar),162
Plurals,"The form of a word that means more than one, like dogs or are.",https://en.wikipedia.org/wiki/Plural,205
Acronyms,"A short form made from the first letters of a name or phrase, like DVD or NASA.",https://en.wikipedia.org/wiki/Acronym,231
Conjunctions,"A joining word like and, but or so that links words, phrases or whole sentences.",https://en.wikipedia.org/wiki/Grammatical_conjunction,247
Pronouns,"A short word that stands in for a noun so you don't repeat it, like he, she, it, they or me.",https://en.wikipedia.org/wiki/Pronoun,271
Subjects,"The person or thing doing the action in a sentence: in Maria sings, Maria is the subject.",https://en.wikipedia.org/wiki/Subject_(grammar),276
Verbs,"A word that shows an action or a state, like run, write, is or seem.",https://en.wikipedia.org/wiki/Verb,326
Indefinite pronouns,"A pronoun that points to no particular person or thing, like everyone, someone, nobody or each.",https://en.wikipedia.org/wiki/Indefinite_pronoun,336
Past tenses,"The verb form that says something already happened, like walked or ate.",https://en.wikipedia.org/wiki/Past_tense,348
Irregular verbs,"A verb whose past tense doesn't just add ed, like go and went or eat and ate.",https://en.wikipedia.org/wiki/Irregular_verb,353
Modifiers,"A word or phrase that adds detail about another part of the sentence, like quickly or in the park.",https://en.wikipedia.org/wiki/Grammatical_modifier,439
Misplaced modifiers,"A modifier sitting too far from the word it describes, so the sentence says something unintended.",https://en.wikipedia.org/wiki/Misplaced_modifier,439
DVD,"A disc that stores video or data, short for digital versatile disc.",https://en.wikipedia.org/wiki/DVD,231
DVDs,More than one DVD: discs that store video or data.,https://en.wikipedia.org/wiki/DVD,231
NASA,"The United States space agency, short for National Aeronautics and Space Administration.",https://en.wikipedia.org/wiki/NASA,231
