id,title,description,min_level,section,image,section_image
1,"Their, There and They're","Pick the right one every time, and learn what homophones, contractions and possessives are.",1,Sound-Alike Words,unit1.png,
2,"Your, You're, Its and It's",The apostrophe mix-ups that show up in almost every text and email.,1,Sound-Alike Words,unit2.png,
3,"To, Too, Then and Than",Four small words that are easy to swap by accident.,1,Sound-Alike Words,unit3.png,
4,Words That Trip Everyone,"Affect or effect, lose or loose, and other pairs that look alike.",2,Sound-Alike Words,unit4.png,
5,Not Real Words and Slips,"Irregardless, could of and double negatives, and what to write instead.",2,American Usage Traps,unit5.png,
6,Sayings People Get Wrong,"Idioms that get mangled, and phrases that say the same thing twice.",2,American Usage Traps,unit6.png,
7,"A, An and The","Nouns, articles, and when to use a or an.",2,Counting and Articles,unit7.png,
8,"Less, Fewer, Much and Many",Count it or measure it: pick the right word for each.,2,Counting and Articles,unit8.png,
9,Apostrophes for Ownership,"Show who owns what, for one owner, many owners, and names ending in s.",2,Apostrophes and Commas,unit9.png,
10,Apostrophes Never Make Plurals,"Why apple's and DVD's are wrong, and how to write decades and abbreviations.",2,Apostrophes and Commas,unit10.png,
11,Commas in Lists and Openers,Where commas belong in a list and after an opening phrase.,2,Apostrophes and Commas,unit11.png,
12,Commas and Joining Words,"Commas before and, but and so, and around extra information.",3,Apostrophes and Commas,unit12.png,
13,I or Me?,"Pronouns, subjects, objects, and why Jake and me went is wrong.",2,Pronouns,unit13.png,
14,"Who, Whom, That and Which","Choose the right word for people, things and extra details.",3,Pronouns,unit14.png,
15,"Myself, Good and Well","When myself is right, and when to say good or well.",2,Pronouns,unit15.png,
16,Subject-Verb Agreement,"Make the verb match its subject, even with tricky subjects.",2,Verbs,unit16.png,
17,Past Tense and Irregular Verbs,"Did or done, saw or seen, and the verbs that don't follow the rule.",2,Verbs,unit17.png,
18,The Present Perfect,"Have plus a past participle, and why I have went is wrong.",3,Verbs,unit18.png,
19,Verbs People Mix Up,"Lie or lay, bring or take, borrow or lend.",3,Verbs,unit19.png,
20,Sentences That Work,"Fix run-ons, comma splices, fragments, misplaced modifiers and uneven lists.",3,Sentences That Work,unit20.png,
